{
  "kucoin": [
    {
      "symbol": "ethusdtm",
      "side": "buy",
      "tradeType": "futures",
      "baseAmount": 8,
      "leverage": 1,
      "id": 5,
      "friendID": 13
    },
    {
     "symbol": "ethusdtm",
      "side": "sell",
      "tradeType": "futures",
      "leverage": 1,
      "baseAmount": 8,
      "id": 6,
      "friendID": 12
    },
    {
      "symbol": "eth-usdt",
      "side": "buy",
      "tradeType": "spot",
      "baseAmount": 8,
      "id": 12,
      "friendID": 6
    },
    {
     "symbol": "eth-usdt",
      "side": "sell",
      "tradeType": "spot",
      "baseAmount": 8,
      "id": 13,
      "friendID": 5
    }
  ],
  "ftx": [
    {
      "symbol": "eth-perp",
      "side": "buy",
      "tradeType": "futures",
      "baseAmount": 15,
      "leverage": 1,
      "id": 7,
      "friendID": 0
    },
    {
     "symbol": "eth-perp",
      "side": "sell",
      "tradeType": "futures",
      "leverage": 1,
      "baseAmount": 15,
      "id": 2,
      "friendID": 0
    },
    {
      "symbol": "eth/usdt",
      "side": "buy",
      "tradeType": "spot",
      "baseAmount": 15,
      "id": 3,
      "friendID": 0
    },
    {
     "symbol": "eth/usdt",
      "side": "sell",
      "tradeType": "spot",
      "baseAmount": 15,
      "id": 4,
      "friendID": 0
    }
  ],
  "binance": [
   {
      "symbol": "ethusdt",
      "side": "buy",
      "tradeType": "futures",
      "baseAmount": 15,
      "leverage": 1,
      "id": 8,
      "friendID": 0
    },
    {
     "symbol": "ethusdt",
      "side": "sell",
      "tradeType": "futures",
      "baseAmount": 15,
      "leverage": 1,
      "id": 1,
      "friendID": 0
    },
    {
      "symbol": "ethusdt",
      "side": "buy",
      "tradeType": "spot",
      "baseAmount": 15,
      "id": 9,
      "friendID": 0
    },
    {
     "symbol": "ethusdt",
      "side": "sell",
      "tradeType": "spot",
      "baseAmount": 15,
      "id": 10,
      "friendID": 0
    }
  ]
}