[
    {
        "exchange": "Binance",
        "market": "spot",
        "ref": true,
        "symbol": "btcusdt"
    },
    {
        "exchange": "Binance",
        "market": "spot",
        "ref": true,
        "symbol": "runeusdt"
    },
    {
        "exchange": "Binance",
        "market": "spot",
        "ref": true,
        "symbol": "runebtc"
    },
    {
        "exchange": "Binance",
        "market": "futures",
        "ref": true,
        "symbol": "btcusdt"
    },
    {
        "exchange": "Binance",
        "market": "futures",
        "ref": false,
        "symbol": "runeusdt"
    }
]
