{
  "kucoin": [
    {
      "symbol": "runeusdtm",
      "side": "buy",
      "tradeType": "futures",
      "baseAmount": 1,
      "leverage": 1
    },
    {
     "symbol": "ethusdtm",
      "side": "sell",
      "tradeType": "futures",
      "leverage": 1,
      "baseAmount": 1
    }
  ],
  "binance": [
   {
      "symbol": "runeusdt",
      "side": "buy",
      "tradeType": "futures",
      "baseAmount": 10,
      "leverage": 1
    },
    {
     "symbol": "runeusdt",
      "side": "sell",
      "tradeType": "futures",
      "baseAmount": 10,
      "leverage": 1
    }
  ]
}